PRAGMA foreign_keys=OFF;
BEGIN TRANSACTION;
-- REPLACE INTO "accounts_student" VALUES('Sermsook','Pulnil',5610613365,'C:\Users\Littlestar\Downloads\Background\2.jpg','Computer');
-- REPLACE INTO "accounts_student" VALUES('Test','Test',5610611111,'/','Computer');
-- REPLACE INTO "accounts_student" VALUES('test2','test2',5610612222,'/','Computer');
-- REPLACE INTO "accounts_student" VALUES('test3','test3',5610613333,'/','Computer');
-- REPLACE INTO "accounts_student" VALUES('test4','test11',5610614444,'/','Civil');
-- REPLACE INTO "accounts_instructor" VALUES('Test','Test',1,'Master','/','Computer');
-- REPLACE INTO "accounts_instructor" VALUES('test1','test1',2,'Master','/','Computer');
-- REPLACE INTO "accounts_instructor" VALUES('Test2','Test2',3,'Master','','1');
-- REPLACE INTO "accounts_instructor" VALUES('Test3','Test3',4,'Doctoral','/','Computer');
-- REPLACE INTO "courses_course" VALUES(1,'Project1','CN404','2016','3','This is project 1','Computer');
-- REPLACE INTO "courses_course" VALUES(2,'JAVA','CN201','2017','1','JAVA','Computer');
-- REPLACE INTO "courses_course" VALUES(3,'Data1','CN202','2016','1','JAVA','Computer');
-- REPLACE INTO "courses_course" VALUES(4,'Project2','CN405','2016','2','Project 2','Computer');
-- REPLACE INTO "courses_course" VALUES(5,'Computer network design','CN322','2016','1','Computer network design','Computer');
-- REPLACE INTO "courses_course" VALUES(6,'Distributed system','CN414','2016','1','Big data','Computer');
-- REPLACE INTO "courses_course" VALUES(7,'C Programming','TU156','2015','1','C language','Computer');
REPLACE INTO courses_section (id,course_id,section_number,year,semester,time,instructor_id) VALUES(1,1,'1','2016','1','13.30 - 16.30',1);
REPLACE INTO courses_section (id,course_id,section_number,year,semester,time,instructor_id) VALUES(2,2,'1','2016','1','9.30-12.30',1);
REPLACE INTO courses_section (id,course_id,section_number,year,semester,time,instructor_id) VALUES(3,3,'1','2016','2','9.30-12.30',2);
REPLACE INTO courses_section (id,course_id,section_number,year,semester,time,instructor_id) VALUES(4,4,'2','2016','2','9.30-12.30',4);
REPLACE INTO courses_gradecriteria (id,section_id,range_start,range_end,grade) VALUES(1,1,80,100,'A');
REPLACE INTO courses_gradecriteria (id,section_id,range_start,range_end,grade) VALUES(2,1,75,79,'B+');
REPLACE INTO courses_gradecriteria (id,section_id,range_start,range_end,grade) VALUES(3,1,70,74,'B');
REPLACE INTO courses_gradecriteria (id,section_id,range_start,range_end,grade) VALUES(4,1,65,69,'C+');
REPLACE INTO courses_gradecriteria (id,section_id,range_start,range_end,grade) VALUES(5,1,60,64,'C');
REPLACE INTO courses_gradecriteria (id,section_id,range_start,range_end,grade) VALUES(6,1,55,59,'D+');
REPLACE INTO courses_gradecriteria (id,section_id,range_start,range_end,grade) VALUES(7,1,50,54,'D');
REPLACE INTO courses_gradecriteria (id,section_id,range_start,range_end,grade) VALUES(8,1,0,49,'F');
REPLACE INTO courses_gradecriteria (id,section_id,range_start,range_end,grade) VALUES(9,2,80,100,'A');
REPLACE INTO courses_gradecriteria (id,section_id,range_start,range_end,grade) VALUES(10,2,75,79,'B+');
REPLACE INTO courses_gradecriteria (id,section_id,range_start,range_end,grade) VALUES(11,2,70,74,'B');
REPLACE INTO courses_gradecriteria (id,section_id,range_start,range_end,grade) VALUES(12,2,65,69,'C+');
REPLACE INTO courses_gradecriteria (id,section_id,range_start,range_end,grade) VALUES(13,2,60,64,'C');
REPLACE INTO courses_gradecriteria (id,section_id,range_start,range_end,grade) VALUES(14,2,55,59,'D+');
REPLACE INTO courses_gradecriteria (id,section_id,range_start,range_end,grade) VALUES(15,2,50,54,'D');
REPLACE INTO courses_gradecriteria (id,section_id,range_start,range_end,grade) VALUES(16,2,0,49,'F');
REPLACE INTO courses_gradecriteria (id,section_id,range_start,range_end,grade) VALUES(17,3,80,100,'A');
REPLACE INTO courses_gradecriteria (id,section_id,range_start,range_end,grade) VALUES(18,3,75,79,'B+');
REPLACE INTO courses_gradecriteria (id,section_id,range_start,range_end,grade) VALUES(19,3,70,74,'B');
REPLACE INTO courses_gradecriteria (id,section_id,range_start,range_end,grade) VALUES(20,3,65,69,'C+');
REPLACE INTO courses_gradecriteria (id,section_id,range_start,range_end,grade) VALUES(21,3,60,64,'C');
REPLACE INTO courses_gradecriteria (id,section_id,range_start,range_end,grade) VALUES(22,3,55,59,'D+');
REPLACE INTO courses_gradecriteria (id,section_id,range_start,range_end,grade) VALUES(23,3,50,54,'D');
REPLACE INTO courses_gradecriteria (id,section_id,range_start,range_end,grade) VALUES(24,3,0,49,'F');
REPLACE INTO courses_enrollment (enrollment_id,student_id,section_id,grade) VALUES(1,5610613365,1,'A');
REPLACE INTO courses_enrollment (enrollment_id,student_id,section_id,grade) VALUES(2,5610611111,1,'B');
REPLACE INTO courses_enrollment (enrollment_id,student_id,section_id,grade) VALUES(3,5610613365,3,'A');
REPLACE INTO courses_enrollment (enrollment_id,student_id,section_id,grade) VALUES(4,5610613365,2,'B+');
REPLACE INTO courses_enrollment (enrollment_id,student_id,section_id,grade) VALUES(5,5610611111,3,'B');
REPLACE INTO courses_enrollment (enrollment_id,student_id,section_id,grade) VALUES(6,5610611111,2,'C+');
REPLACE INTO courses_enrollment (enrollment_id,student_id,section_id,grade) VALUES(7,5610612222,1,'C');
REPLACE INTO courses_enrollment (enrollment_id,student_id,section_id,grade) VALUES(8,5610612222,3,'D+');
REPLACE INTO courses_enrollment (enrollment_id,student_id,section_id,grade) VALUES(9,5610612222,2,'D');
REPLACE INTO courses_enrollment (enrollment_id,student_id,section_id,grade) VALUES(10,5610613333,1,'F');
REPLACE INTO courses_enrollment (enrollment_id,student_id,section_id,grade) VALUES(11,5610613333,3,'W');
REPLACE INTO courses_enrollment (enrollment_id,student_id,section_id,grade) VALUES(12,5610613333,2,'A');
REPLACE INTO courses_enrollment (enrollment_id,student_id,section_id,grade) VALUES(13,5610614444,1,'B+');
REPLACE INTO courses_enrollment (enrollment_id,student_id,section_id,grade) VALUES(14,5610614444,3,'B');
REPLACE INTO courses_enrollment (enrollment_id,student_id,section_id,grade) VALUES(15,5610614444,2,'C+');
REPLACE INTO courses_assessment (assessment_id,section_id,assessment_type,max_point,weight,date) VALUES(1,1,'Midterm',35,35,'2016-11-20');
REPLACE INTO courses_assessment (assessment_id,section_id,assessment_type,max_point,weight,date) VALUES(2,1,'Quiz',15,15,'2017-01-16');
REPLACE INTO courses_assessment (assessment_id,section_id,assessment_type,max_point,weight,date) VALUES(3,1,'Final',50,50,'2017-02-01');
REPLACE INTO courses_assessment (assessment_id,section_id,assessment_type,max_point,weight,date) VALUES(4,2,'Midterm',35,35,'2017-02-01');
REPLACE INTO courses_assessment (assessment_id,section_id,assessment_type,max_point,weight,date) VALUES(5,2,'Final',70,70,'2017-02-28');
REPLACE INTO courses_score (id,enrollment_id,assessment_id,point) VALUES(1,1,1,30);
REPLACE INTO courses_score (id,enrollment_id,assessment_id,point) VALUES(2,1,2,15);
REPLACE INTO courses_score (id,enrollment_id,assessment_id,point) VALUES(3,1,3,43);
REPLACE INTO courses_score (id,enrollment_id,assessment_id,point) VALUES(4,2,1,25);
REPLACE INTO courses_score (id,enrollment_id,assessment_id,point) VALUES(5,2,2,10);
REPLACE INTO courses_score (id,enrollment_id,assessment_id,point) VALUES(6,2,3,36);
REPLACE INTO courses_score (id,enrollment_id,assessment_id,point) VALUES(7,7,1,24);
REPLACE INTO courses_score (id,enrollment_id,assessment_id,point) VALUES(8,7,2,9);
REPLACE INTO courses_score (id,enrollment_id,assessment_id,point) VALUES(9,7,3,30);
REPLACE INTO courses_score (id,enrollment_id,assessment_id,point) VALUES(10,10,1,10);
REPLACE INTO courses_score (id,enrollment_id,assessment_id,point) VALUES(11,10,2,10);
REPLACE INTO courses_score (id,enrollment_id,assessment_id,point) VALUES(12,10,3,10);
REPLACE INTO courses_score (id,enrollment_id,assessment_id,point) VALUES(13,13,1,30);
REPLACE INTO courses_score (id,enrollment_id,assessment_id,point) VALUES(14,13,2,10);
REPLACE INTO courses_score (id,enrollment_id,assessment_id,point) VALUES(15,13,3,36);
REPLACE INTO courses_attendance (id,enrollment_id,date,status) VALUES(1,1,'2016-11-20','yes');
REPLACE INTO courses_attendance (id,enrollment_id,date,status) VALUES(2,2,'2016-11-20','yes');
REPLACE INTO courses_attendance (id,enrollment_id,date,status) VALUES(3,7,'2016-11-20','no');
REPLACE INTO courses_attendance (id,enrollment_id,date,status) VALUES(4,10,'2016-11-20','no');
REPLACE INTO courses_attendance (id,enrollment_id,date,status) VALUES(5,13,'2016-11-20','yes');
COMMIT;
