PRAGMA foreign_keys=OFF;
BEGIN TRANSACTION;
CREATE TABLE "django_migrations" ("id" integer NOT NULL PRIMARY KEY AUTOINCREMENT, "app" varchar(255) NOT NULL, "name" varchar(255) NOT NULL, "applied" datetime NOT NULL);
INSERT INTO "django_migrations" VALUES(1,'contenttypes','0001_initial','2016-11-29 06:01:11.537369');
INSERT INTO "django_migrations" VALUES(2,'auth','0001_initial','2016-11-29 06:01:11.575354');
INSERT INTO "django_migrations" VALUES(3,'admin','0001_initial','2016-11-29 06:01:11.610862');
INSERT INTO "django_migrations" VALUES(4,'contenttypes','0002_remove_content_type_name','2016-11-29 06:01:11.686934');
INSERT INTO "django_migrations" VALUES(5,'auth','0002_alter_permission_name_max_length','2016-11-29 06:01:11.722069');
INSERT INTO "django_migrations" VALUES(6,'auth','0003_alter_user_email_max_length','2016-11-29 06:01:11.771621');
INSERT INTO "django_migrations" VALUES(7,'auth','0004_alter_user_username_opts','2016-11-29 06:01:11.802099');
INSERT INTO "django_migrations" VALUES(8,'auth','0005_alter_user_last_login_null','2016-11-29 06:01:11.843962');
INSERT INTO "django_migrations" VALUES(9,'auth','0006_require_contenttypes_0002','2016-11-29 06:01:11.856934');
INSERT INTO "django_migrations" VALUES(10,'sessions','0001_initial','2016-11-29 06:01:11.881487');
CREATE TABLE "accounts_student" ("id" integer NOT NULL PRIMARY KEY AUTOINCREMENT, "first_name" varchar(50) NOT NULL, "last_name" varchar(50) NOT NULL, "student_id" integer NOT NULL, "student_picture" varchar(500) NOT NULL, "major" varchar(100) NOT NULL);
INSERT INTO "accounts_student" VALUES(1,'Sermsook','Pulnil',5610613365,'C:\Users\Littlestar\Downloads\Background\2.jpg','Computer');
INSERT INTO "accounts_student" VALUES(2,'Test','Test',5610611111,'/','Computer');
INSERT INTO "accounts_student" VALUES(3,'test2','test2',5610612222,'/','Computer');
INSERT INTO "accounts_student" VALUES(4,'test3','test3',5610613333,'/','Computer');
INSERT INTO "accounts_student" VALUES(5,'test4','test4',5610614444,'/','Computer');
INSERT INTO "accounts_student" VALUES(6,'test5','test5',5610615555,'/','Computer');
INSERT INTO "accounts_student" VALUES(7,'test6','test6',5610616666,'/','Computer');
INSERT INTO "accounts_student" VALUES(8,'test7','test7',5610617777,'/','Computer');
INSERT INTO "accounts_student" VALUES(9,'test8','test8',5610618888,'/','Computer');
INSERT INTO "accounts_student" VALUES(10,'test9','test9',5610619999,'/','Computer');
INSERT INTO "accounts_student" VALUES(11,'test10','test10',5710611111,'/','Computer');
INSERT INTO "accounts_student" VALUES(12,'test11','test11',5710612222,'/','Civil');
CREATE TABLE "accounts_instructor" ("id" integer NOT NULL PRIMARY KEY AUTOINCREMENT, "first_name" varchar(50) NOT NULL, "last_name" varchar(50) NOT NULL, "instructor_id" integer NOT NULL, "degree" varchar(100) NOT NULL, "instructor_picture" varchar(500) NOT NULL, "department" varchar(100) NOT NULL);
INSERT INTO "accounts_instructor" VALUES(1,'Test','Test',1,'Master','/','Computer');
INSERT INTO "accounts_instructor" VALUES(2,'test1','test1',2,'Master','/','Computer');
INSERT INTO "accounts_instructor" VALUES(3,'Test2','Test2',3,'3','','1');
INSERT INTO "accounts_instructor" VALUES(4,'Test3','Test3',4,'Doctoral','/','Computer');
CREATE TABLE "courses_course" ("id" integer NOT NULL PRIMARY KEY AUTOINCREMENT, "name" varchar(50) NOT NULL, "course_number" varchar(50) NOT NULL, "year" varchar(50) NOT NULL, "semester" varchar(50) NOT NULL, "description" varchar(500) NOT NULL, "major" varchar(50) NOT NULL);
INSERT INTO "courses_course" VALUES(1,'Project1','CN404','2016','3','This is project 1','Computer');
INSERT INTO "courses_course" VALUES(2,'JAVA','CN201','2017','1','JAVA','Computer');
INSERT INTO "courses_course" VALUES(3,'Data1','CN202','2016','1','JAVA','Computer');
INSERT INTO "courses_course" VALUES(4,'Project2','CN405','2016','2','Project 2','Computer');
INSERT INTO "courses_course" VALUES(5,'Computer network design','CN322','2016','1','Computer network design','Computer');
INSERT INTO "courses_course" VALUES(6,'Distributed system','CN414','2016','1','Big data','Computer');
INSERT INTO "courses_course" VALUES(7,'C Programming','TU156','2015','1','C language','Computer');
CREATE TABLE "courses_section" ("id" integer NOT NULL PRIMARY KEY AUTOINCREMENT, "course_id" integer NOT NULL REFERENCES "courses_course" ("id"), "section_number" varchar(50) NOT NULL, "year" varchar(50) NOT NULL, "semester" varchar(50) NOT NULL, "time" varchar(100) NOT NULL, "instructor_id" integer NOT NULL REFERENCES "accounts_instructor" ("id"));
INSERT INTO "courses_section" VALUES(1,1,'1','2016','1','13.30 - 16.30',1);
INSERT INTO "courses_section" VALUES(2,2,'1','2016','1','9.30-12.30',1);
INSERT INTO "courses_section" VALUES(3,3,'1','2016','2','9.30-12.30',2);
INSERT INTO "courses_section" VALUES(4,4,'2','2016','2','9.30-12.30',4);
CREATE TABLE "courses_gradecriteria" ("id" integer NOT NULL PRIMARY KEY AUTOINCREMENT, "section_id" integer NOT NULL REFERENCES "courses_section" ("id"), "range_start" integer NOT NULL, "range_end" integer NOT NULL, "grade" varchar(50) NOT NULL);
INSERT INTO "courses_gradecriteria" VALUES(1,1,80,100,'A');
INSERT INTO "courses_gradecriteria" VALUES(2,1,75,79,'B+');
INSERT INTO "courses_gradecriteria" VALUES(3,1,70,74,'B');
INSERT INTO "courses_gradecriteria" VALUES(4,1,65,69,'C+');
INSERT INTO "courses_gradecriteria" VALUES(5,1,60,64,'C');
INSERT INTO "courses_gradecriteria" VALUES(6,1,55,59,'D+');
INSERT INTO "courses_gradecriteria" VALUES(7,1,50,54,'D');
INSERT INTO "courses_gradecriteria" VALUES(8,1,0,49,'F');
INSERT INTO "courses_gradecriteria" VALUES(9,2,80,100,'A');
INSERT INTO "courses_gradecriteria" VALUES(10,2,75,79,'B+');
INSERT INTO "courses_gradecriteria" VALUES(11,2,70,74,'B');
INSERT INTO "courses_gradecriteria" VALUES(12,2,65,69,'C+');
INSERT INTO "courses_gradecriteria" VALUES(13,2,60,64,'C');
INSERT INTO "courses_gradecriteria" VALUES(14,2,55,59,'D+');
INSERT INTO "courses_gradecriteria" VALUES(15,2,50,54,'D');
INSERT INTO "courses_gradecriteria" VALUES(16,2,0,49,'F');
INSERT INTO "courses_gradecriteria" VALUES(17,3,80,100,'A');
INSERT INTO "courses_gradecriteria" VALUES(18,3,75,79,'B+');
INSERT INTO "courses_gradecriteria" VALUES(19,3,70,74,'B');
INSERT INTO "courses_gradecriteria" VALUES(20,3,65,69,'C+');
INSERT INTO "courses_gradecriteria" VALUES(21,3,60,64,'C');
INSERT INTO "courses_gradecriteria" VALUES(22,3,55,59,'D+');
INSERT INTO "courses_gradecriteria" VALUES(23,3,50,54,'D');
INSERT INTO "courses_gradecriteria" VALUES(24,3,0,49,'F');
CREATE TABLE "courses_enrollment" ("enrollment_id" integer NOT NULL PRIMARY KEY AUTOINCREMENT, "student_id" integer NOT NULL REFERENCES "accounts_student" ("id"), "section_id" integer NOT NULL REFERENCES "courses_section" ("id"), "grade" varchar(50) NOT NULL);
INSERT INTO "courses_enrollment" VALUES(1,1,1,'A');
INSERT INTO "courses_enrollment" VALUES(2,2,1,'B');
INSERT INTO "courses_enrollment" VALUES(3,1,3,'A');
INSERT INTO "courses_enrollment" VALUES(4,1,2,'B+');
INSERT INTO "courses_enrollment" VALUES(5,2,3,'B');
INSERT INTO "courses_enrollment" VALUES(6,2,2,'C+');
INSERT INTO "courses_enrollment" VALUES(7,3,1,'C');
INSERT INTO "courses_enrollment" VALUES(8,3,3,'D+');
INSERT INTO "courses_enrollment" VALUES(9,3,2,'D');
INSERT INTO "courses_enrollment" VALUES(10,4,1,'F');
INSERT INTO "courses_enrollment" VALUES(11,4,3,'W');
INSERT INTO "courses_enrollment" VALUES(12,4,2,'A');
INSERT INTO "courses_enrollment" VALUES(13,5,1,'B+');
INSERT INTO "courses_enrollment" VALUES(14,5,3,'B');
INSERT INTO "courses_enrollment" VALUES(15,5,2,'C+');
INSERT INTO "courses_enrollment" VALUES(16,6,1,'C');
INSERT INTO "courses_enrollment" VALUES(17,6,3,'D+');
INSERT INTO "courses_enrollment" VALUES(18,6,2,'D');
INSERT INTO "courses_enrollment" VALUES(19,7,1,'F');
INSERT INTO "courses_enrollment" VALUES(20,7,3,'W');
INSERT INTO "courses_enrollment" VALUES(21,7,2,'A');
INSERT INTO "courses_enrollment" VALUES(22,8,1,'B+');
INSERT INTO "courses_enrollment" VALUES(23,8,3,'B');
INSERT INTO "courses_enrollment" VALUES(24,8,2,'C+');
INSERT INTO "courses_enrollment" VALUES(25,9,1,'C');
INSERT INTO "courses_enrollment" VALUES(26,9,3,'D+');
INSERT INTO "courses_enrollment" VALUES(27,9,2,'D');
INSERT INTO "courses_enrollment" VALUES(28,10,1,'F');
INSERT INTO "courses_enrollment" VALUES(29,10,3,'W');
INSERT INTO "courses_enrollment" VALUES(30,10,2,'A');
CREATE TABLE "courses_assessment" ("assessment_id" integer NOT NULL PRIMARY KEY AUTOINCREMENT, "section_id" integer NOT NULL REFERENCES "courses_section" ("id"), "assessment_type" varchar(100) NOT NULL, "max_point" integer NOT NULL, "weight" integer NOT NULL, "date" date NOT NULL);
INSERT INTO "courses_assessment" VALUES(1,1,'Midterm',35,35,'2016-11-20');
INSERT INTO "courses_assessment" VALUES(2,1,'Quiz',15,15,'2017-01-16');
INSERT INTO "courses_assessment" VALUES(3,1,'Final',50,50,'2017-02-01');
INSERT INTO "courses_assessment" VALUES(4,2,'Midterm',35,35,'2017-02-01');
INSERT INTO "courses_assessment" VALUES(5,2,'Final',70,70,'2017-02-28');
CREATE TABLE "courses_score" ("id" integer NOT NULL PRIMARY KEY AUTOINCREMENT, "enrollment_id" integer NOT NULL REFERENCES "courses_enrollment" ("enrollment_id"), "assessment_id" integer NOT NULL REFERENCES "courses_assessment" ("assessment_id"), "point" integer NOT NULL);
INSERT INTO "courses_score" VALUES(1,1,1,30);
INSERT INTO "courses_score" VALUES(2,1,2,15);
INSERT INTO "courses_score" VALUES(3,1,3,43);
INSERT INTO "courses_score" VALUES(4,2,1,25);
INSERT INTO "courses_score" VALUES(5,2,2,10);
INSERT INTO "courses_score" VALUES(6,2,3,36);
INSERT INTO "courses_score" VALUES(7,7,1,24);
INSERT INTO "courses_score" VALUES(8,7,2,9);
INSERT INTO "courses_score" VALUES(9,7,3,30);
INSERT INTO "courses_score" VALUES(10,10,1,10);
INSERT INTO "courses_score" VALUES(11,10,2,10);
INSERT INTO "courses_score" VALUES(12,10,3,10);
INSERT INTO "courses_score" VALUES(13,13,1,30);
INSERT INTO "courses_score" VALUES(14,13,2,10);
INSERT INTO "courses_score" VALUES(15,13,3,36);
INSERT INTO "courses_score" VALUES(16,16,1,25);
INSERT INTO "courses_score" VALUES(17,16,2,10);
INSERT INTO "courses_score" VALUES(18,16,3,25);
INSERT INTO "courses_score" VALUES(19,19,1,10);
INSERT INTO "courses_score" VALUES(20,19,2,5);
INSERT INTO "courses_score" VALUES(21,19,3,25);
INSERT INTO "courses_score" VALUES(22,22,1,30);
INSERT INTO "courses_score" VALUES(23,22,2,12);
INSERT INTO "courses_score" VALUES(24,22,3,35);
INSERT INTO "courses_score" VALUES(25,25,1,20);
INSERT INTO "courses_score" VALUES(26,25,2,8);
INSERT INTO "courses_score" VALUES(27,25,3,33);
INSERT INTO "courses_score" VALUES(28,28,1,20);
INSERT INTO "courses_score" VALUES(29,28,2,9);
INSERT INTO "courses_score" VALUES(30,28,3,20);
CREATE TABLE "courses_attendance" ("id" integer NOT NULL PRIMARY KEY AUTOINCREMENT, "enrollment_id" integer NOT NULL REFERENCES "courses_enrollment" ("enrollment_id"), "date" date NOT NULL, "status" varchar(50) NOT NULL);
INSERT INTO "courses_attendance" VALUES(1,1,'2016-11-20','yes');
INSERT INTO "courses_attendance" VALUES(2,2,'2016-11-20','yes');
INSERT INTO "courses_attendance" VALUES(3,7,'2016-11-20','no');
INSERT INTO "courses_attendance" VALUES(4,10,'2016-11-20','no');
INSERT INTO "courses_attendance" VALUES(5,13,'2016-11-20','yes');
CREATE TABLE "auth_group" ("id" integer NOT NULL PRIMARY KEY AUTOINCREMENT, "name" varchar(80) NOT NULL UNIQUE);
INSERT INTO "auth_group" VALUES(1,'Student');
INSERT INTO "auth_group" VALUES(2,'Instructor');
CREATE TABLE "auth_group_permissions" ("id" integer NOT NULL PRIMARY KEY AUTOINCREMENT, "group_id" integer NOT NULL REFERENCES "auth_group" ("id"), "permission_id" integer NOT NULL REFERENCES "auth_permission" ("id"), UNIQUE ("group_id", "permission_id"));
INSERT INTO "auth_group_permissions" VALUES(1,1,34);
INSERT INTO "auth_group_permissions" VALUES(2,1,13);
INSERT INTO "auth_group_permissions" VALUES(3,1,14);
INSERT INTO "auth_group_permissions" VALUES(4,2,25);
INSERT INTO "auth_group_permissions" VALUES(5,2,26);
INSERT INTO "auth_group_permissions" VALUES(6,2,13);
INSERT INTO "auth_group_permissions" VALUES(7,2,14);
CREATE TABLE "auth_user_groups" ("id" integer NOT NULL PRIMARY KEY AUTOINCREMENT, "user_id" integer NOT NULL REFERENCES "auth_user" ("id"), "group_id" integer NOT NULL REFERENCES "auth_group" ("id"), UNIQUE ("user_id", "group_id"));
CREATE TABLE "auth_user_user_permissions" ("id" integer NOT NULL PRIMARY KEY AUTOINCREMENT, "user_id" integer NOT NULL REFERENCES "auth_user" ("id"), "permission_id" integer NOT NULL REFERENCES "auth_permission" ("id"), UNIQUE ("user_id", "permission_id"));
INSERT INTO "auth_user_user_permissions" VALUES(1,3,34);
INSERT INTO "auth_user_user_permissions" VALUES(2,3,13);
INSERT INTO "auth_user_user_permissions" VALUES(3,3,14);
INSERT INTO "auth_user_user_permissions" VALUES(4,3,15);
CREATE TABLE "django_admin_log" ("id" integer NOT NULL PRIMARY KEY AUTOINCREMENT, "action_time" datetime NOT NULL, "object_id" text NULL, "object_repr" varchar(200) NOT NULL, "action_flag" smallint unsigned NOT NULL, "change_message" text NOT NULL, "content_type_id" integer NULL REFERENCES "django_content_type" ("id"), "user_id" integer NOT NULL REFERENCES "auth_user" ("id"));
INSERT INTO "django_admin_log" VALUES(1,'2016-11-29 06:02:10.588848','1','Instructor object',1,'',8,1);
INSERT INTO "django_admin_log" VALUES(2,'2016-11-29 06:02:26.451498','1','Student object',1,'',7,1);
INSERT INTO "django_admin_log" VALUES(3,'2016-11-29 06:02:47.100937','1','Course object',1,'',9,1);
INSERT INTO "django_admin_log" VALUES(4,'2016-11-29 06:03:16.690244','2','Course object',1,'',9,1);
INSERT INTO "django_admin_log" VALUES(5,'2016-11-29 06:04:01.739078','1','Instructor object',2,'No fields changed.',8,1);
INSERT INTO "django_admin_log" VALUES(6,'2016-11-29 06:04:04.483587','1','Section object',1,'',10,1);
INSERT INTO "django_admin_log" VALUES(7,'2016-11-29 06:04:37.401411','1','Student object',2,'No fields changed.',7,1);
INSERT INTO "django_admin_log" VALUES(8,'2016-11-29 06:04:47.141283','1','Section object',2,'No fields changed.',10,1);
INSERT INTO "django_admin_log" VALUES(9,'2016-11-29 06:04:50.723007','1','Enrollment object',1,'',12,1);
INSERT INTO "django_admin_log" VALUES(10,'2016-11-29 06:05:07.437582','1','Section object',2,'No fields changed.',10,1);
INSERT INTO "django_admin_log" VALUES(11,'2016-11-29 06:05:41.250026','1','Assessment object',1,'',13,1);
INSERT INTO "django_admin_log" VALUES(12,'2016-11-29 06:05:57.164357','1','Enrollment object',2,'No fields changed.',12,1);
INSERT INTO "django_admin_log" VALUES(13,'2016-11-29 06:06:22.902612','1','Attendance object',1,'',15,1);
INSERT INTO "django_admin_log" VALUES(14,'2016-11-29 06:06:45.359153','1','Section object',2,'No fields changed.',10,1);
INSERT INTO "django_admin_log" VALUES(15,'2016-11-29 06:06:51.981296','1','GradeCriteria object',1,'',11,1);
INSERT INTO "django_admin_log" VALUES(16,'2016-11-29 06:07:08.949784','1','Enrollment object',2,'No fields changed.',12,1);
INSERT INTO "django_admin_log" VALUES(17,'2016-11-29 06:07:21.220569','1','Assessment object',2,'No fields changed.',13,1);
INSERT INTO "django_admin_log" VALUES(18,'2016-11-29 06:08:06.289280','1','Score object',1,'',14,1);
INSERT INTO "django_admin_log" VALUES(19,'2017-01-31 12:34:06.795751','2','Instructor object',1,'',8,1);
INSERT INTO "django_admin_log" VALUES(20,'2017-01-31 12:35:25.105715','2','Student object',1,'',7,1);
INSERT INTO "django_admin_log" VALUES(21,'2017-01-31 12:38:23.716269','3','Course object',1,'',9,1);
INSERT INTO "django_admin_log" VALUES(22,'2017-01-31 14:09:54.509726','2','Student object',2,'No fields changed.',7,1);
INSERT INTO "django_admin_log" VALUES(23,'2017-01-31 14:10:24.085833','1','Section object',2,'No fields changed.',10,1);
INSERT INTO "django_admin_log" VALUES(24,'2017-01-31 14:10:31.372621','2','Enrollment object',1,'',12,1);
INSERT INTO "django_admin_log" VALUES(25,'2017-01-31 14:12:13.321250','3','Student object',1,'',7,1);
INSERT INTO "django_admin_log" VALUES(26,'2017-01-31 14:12:37.482063','4','Student object',1,'',7,1);
INSERT INTO "django_admin_log" VALUES(27,'2017-01-31 14:12:55.377081','5','Student object',1,'',7,1);
INSERT INTO "django_admin_log" VALUES(28,'2017-01-31 14:13:10.645474','6','Student object',1,'',7,1);
INSERT INTO "django_admin_log" VALUES(29,'2017-01-31 14:13:35.040261','7','Student object',1,'',7,1);
INSERT INTO "django_admin_log" VALUES(30,'2017-01-31 14:14:01.535516','8','Student object',1,'',7,1);
INSERT INTO "django_admin_log" VALUES(31,'2017-01-31 14:14:26.726080','9','Student object',1,'',7,1);
INSERT INTO "django_admin_log" VALUES(32,'2017-01-31 14:14:49.406700','10','Student object',1,'',7,1);
INSERT INTO "django_admin_log" VALUES(33,'2017-01-31 14:57:50.796212','2','Course object',2,'No fields changed.',9,1);
INSERT INTO "django_admin_log" VALUES(34,'2017-01-31 14:58:27.276876','1','Instructor object',2,'No fields changed.',8,1);
INSERT INTO "django_admin_log" VALUES(35,'2017-01-31 14:58:29.125265','2','Section object',1,'',10,1);
INSERT INTO "django_admin_log" VALUES(36,'2017-01-31 15:02:36.807925','3','Course object',2,'No fields changed.',9,1);
INSERT INTO "django_admin_log" VALUES(37,'2017-01-31 15:03:02.452381','2','Instructor object',2,'No fields changed.',8,1);
INSERT INTO "django_admin_log" VALUES(38,'2017-01-31 15:03:03.964986','3','Section object',1,'',10,1);
INSERT INTO "django_admin_log" VALUES(39,'2017-02-01 09:18:12.474893','1','Course object',2,'No fields changed.',9,1);
INSERT INTO "django_admin_log" VALUES(40,'2017-02-01 09:18:17.054439','1','Section object',2,'No fields changed.',10,1);
INSERT INTO "django_admin_log" VALUES(41,'2017-02-01 09:19:24.318285','2','GradeCriteria object',1,'',11,1);
INSERT INTO "django_admin_log" VALUES(42,'2017-02-01 09:19:41.760663','3','GradeCriteria object',1,'',11,1);
INSERT INTO "django_admin_log" VALUES(43,'2017-02-01 09:21:31.774424','3','GradeCriteria object',3,'',11,1);
INSERT INTO "django_admin_log" VALUES(44,'2017-02-01 09:21:31.791477','2','GradeCriteria object',3,'',11,1);
INSERT INTO "django_admin_log" VALUES(45,'2017-02-01 09:21:49.737590','4','GradeCriteria object',1,'',11,1);
INSERT INTO "django_admin_log" VALUES(46,'2017-02-01 09:22:06.457699','5','GradeCriteria object',1,'',11,1);
INSERT INTO "django_admin_log" VALUES(47,'2017-02-01 09:22:22.588423','6','GradeCriteria object',1,'',11,1);
INSERT INTO "django_admin_log" VALUES(48,'2017-02-01 09:22:36.728800','7','GradeCriteria object',1,'',11,1);
INSERT INTO "django_admin_log" VALUES(49,'2017-02-01 09:22:54.494109','8','GradeCriteria object',1,'',11,1);
INSERT INTO "django_admin_log" VALUES(50,'2017-02-01 09:23:17.714747','9','GradeCriteria object',1,'',11,1);
INSERT INTO "django_admin_log" VALUES(51,'2017-02-01 09:23:33.369037','10','GradeCriteria object',1,'',11,1);
INSERT INTO "django_admin_log" VALUES(52,'2017-02-01 09:23:57.741740','11','GradeCriteria object',1,'',11,1);
INSERT INTO "django_admin_log" VALUES(53,'2017-02-01 09:57:48.662387','12','GradeCriteria object',1,'',11,1);
INSERT INTO "django_admin_log" VALUES(54,'2017-02-01 09:58:04.042802','13','GradeCriteria object',1,'',11,1);
INSERT INTO "django_admin_log" VALUES(55,'2017-02-01 09:58:25.319942','14','GradeCriteria object',1,'',11,1);
INSERT INTO "django_admin_log" VALUES(56,'2017-02-01 09:58:45.734163','15','GradeCriteria object',1,'',11,1);
INSERT INTO "django_admin_log" VALUES(57,'2017-02-01 09:59:29.722124','16','GradeCriteria object',1,'',11,1);
INSERT INTO "django_admin_log" VALUES(58,'2017-02-01 10:03:27.443912','17','GradeCriteria object',1,'',11,1);
INSERT INTO "django_admin_log" VALUES(59,'2017-02-01 10:03:40.539701','18','GradeCriteria object',1,'',11,1);
INSERT INTO "django_admin_log" VALUES(60,'2017-02-01 10:03:52.425772','19','GradeCriteria object',1,'',11,1);
INSERT INTO "django_admin_log" VALUES(61,'2017-02-01 10:04:07.843536','20','GradeCriteria object',1,'',11,1);
INSERT INTO "django_admin_log" VALUES(62,'2017-02-01 10:04:20.347885','21','GradeCriteria object',1,'',11,1);
INSERT INTO "django_admin_log" VALUES(63,'2017-02-01 10:04:37.996895','22','GradeCriteria object',1,'',11,1);
INSERT INTO "django_admin_log" VALUES(64,'2017-02-01 10:04:52.370001','23','GradeCriteria object',1,'',11,1);
INSERT INTO "django_admin_log" VALUES(65,'2017-02-01 10:05:05.668424','24','GradeCriteria object',1,'',11,1);
INSERT INTO "django_admin_log" VALUES(66,'2017-02-01 10:05:20.578920','25','GradeCriteria object',1,'',11,1);
INSERT INTO "django_admin_log" VALUES(67,'2017-02-01 10:05:36.716192','26','GradeCriteria object',1,'',11,1);
INSERT INTO "django_admin_log" VALUES(68,'2017-02-01 10:10:06.310502','1','Course object',2,'No fields changed.',9,1);
INSERT INTO "django_admin_log" VALUES(69,'2017-02-01 10:10:09.135679','1','Section object',2,'No fields changed.',10,1);
INSERT INTO "django_admin_log" VALUES(70,'2017-02-01 10:10:44.402837','1','Course object',2,'No fields changed.',9,1);
INSERT INTO "django_admin_log" VALUES(71,'2017-02-01 10:10:45.827769','1','Section object',2,'No fields changed.',10,1);
INSERT INTO "django_admin_log" VALUES(72,'2017-02-01 10:11:20.172309','2','Assessment object',1,'',13,1);
INSERT INTO "django_admin_log" VALUES(73,'2017-02-01 10:11:36.578899','1','Course object',2,'No fields changed.',9,1);
INSERT INTO "django_admin_log" VALUES(74,'2017-02-01 10:11:37.613505','1','Section object',2,'No fields changed.',10,1);
INSERT INTO "django_admin_log" VALUES(75,'2017-02-01 10:11:57.269442','3','Assessment object',1,'',13,1);
INSERT INTO "django_admin_log" VALUES(76,'2017-02-01 10:14:45.379840','1','Student object',2,'No fields changed.',7,1);
INSERT INTO "django_admin_log" VALUES(77,'2017-02-01 10:14:54.687047','1','Course object',2,'No fields changed.',9,1);
INSERT INTO "django_admin_log" VALUES(78,'2017-02-01 10:14:55.880792','1','Section object',2,'No fields changed.',10,1);
INSERT INTO "django_admin_log" VALUES(79,'2017-02-01 10:14:59.224896','1','Enrollment object',2,'No fields changed.',12,1);
INSERT INTO "django_admin_log" VALUES(80,'2017-02-01 10:15:16.754178','2','Assessment object',2,'No fields changed.',13,1);
INSERT INTO "django_admin_log" VALUES(81,'2017-02-01 10:15:28.647410','2','Score object',1,'',14,1);
INSERT INTO "django_admin_log" VALUES(82,'2017-02-01 10:15:52.938557','1','Student object',2,'No fields changed.',7,1);
INSERT INTO "django_admin_log" VALUES(83,'2017-02-01 10:15:55.488349','1','Enrollment object',2,'No fields changed.',12,1);
INSERT INTO "django_admin_log" VALUES(84,'2017-02-01 10:16:06.507240','3','Assessment object',2,'No fields changed.',13,1);
INSERT INTO "django_admin_log" VALUES(85,'2017-02-01 10:16:11.204766','3','Score object',1,'',14,1);
INSERT INTO "django_admin_log" VALUES(86,'2017-02-01 10:16:46.721533','2','Student object',2,'No fields changed.',7,1);
INSERT INTO "django_admin_log" VALUES(87,'2017-02-01 10:16:52.364459','1','Course object',2,'No fields changed.',9,1);
INSERT INTO "django_admin_log" VALUES(88,'2017-02-01 10:16:53.991921','1','Section object',2,'No fields changed.',10,1);
INSERT INTO "django_admin_log" VALUES(89,'2017-02-01 10:16:55.881891','2','Enrollment object',2,'No fields changed.',12,1);
INSERT INTO "django_admin_log" VALUES(90,'2017-02-01 10:17:05.858753','4','Score object',1,'',14,1);
INSERT INTO "django_admin_log" VALUES(91,'2017-02-01 10:17:43.634257','2','Student object',2,'No fields changed.',7,1);
INSERT INTO "django_admin_log" VALUES(92,'2017-02-01 10:17:45.400103','2','Enrollment object',2,'No fields changed.',12,1);
INSERT INTO "django_admin_log" VALUES(93,'2017-02-01 10:17:52.445843','5','Score object',1,'',14,1);
INSERT INTO "django_admin_log" VALUES(94,'2017-02-01 10:18:37.203522','6','Score object',1,'',14,1);
INSERT INTO "django_admin_log" VALUES(95,'2017-02-01 10:21:49.066073','2','Student object',2,'No fields changed.',7,1);
INSERT INTO "django_admin_log" VALUES(96,'2017-02-01 10:21:50.339498','2','Enrollment object',2,'No fields changed.',12,1);
INSERT INTO "django_admin_log" VALUES(97,'2017-02-01 10:22:07.180617','2','Attendance object',1,'',15,1);
INSERT INTO "django_admin_log" VALUES(98,'2017-02-01 10:22:46.657190','3','Student object',2,'No fields changed.',7,1);
INSERT INTO "django_admin_log" VALUES(99,'2017-02-01 10:22:51.511120','7','Enrollment object',2,'No fields changed.',12,1);
INSERT INTO "django_admin_log" VALUES(100,'2017-02-01 10:22:59.982573','3','Attendance object',1,'',15,1);
INSERT INTO "django_admin_log" VALUES(101,'2017-02-01 10:25:18.242880','4','Student object',2,'No fields changed.',7,1);
INSERT INTO "django_admin_log" VALUES(102,'2017-02-01 10:25:20.138358','10','Enrollment object',2,'No fields changed.',12,1);
INSERT INTO "django_admin_log" VALUES(103,'2017-02-01 10:25:33.418747','4','Attendance object',1,'',15,1);
INSERT INTO "django_admin_log" VALUES(104,'2017-02-01 10:26:20.860636','5','Attendance object',1,'',15,1);
INSERT INTO "django_admin_log" VALUES(105,'2017-02-01 10:27:27.504270','7','Score object',1,'',14,1);
INSERT INTO "django_admin_log" VALUES(106,'2017-02-01 10:27:41.586445','8','Score object',1,'',14,1);
INSERT INTO "django_admin_log" VALUES(107,'2017-02-01 10:27:55.001395','3','Assessment object',2,'No fields changed.',13,1);
INSERT INTO "django_admin_log" VALUES(108,'2017-02-01 10:27:59.125283','9','Score object',1,'',14,1);
INSERT INTO "django_admin_log" VALUES(109,'2017-02-01 10:28:20.836130','4','Enrollment object',2,'No fields changed.',12,1);
INSERT INTO "django_admin_log" VALUES(110,'2017-02-01 10:28:26.956514','10','Score object',1,'',14,1);
INSERT INTO "django_admin_log" VALUES(111,'2017-02-01 10:28:43.225408','11','Score object',1,'',14,1);
INSERT INTO "django_admin_log" VALUES(112,'2017-02-01 10:29:17.344587','12','Score object',1,'',14,1);
INSERT INTO "django_admin_log" VALUES(113,'2017-02-01 10:29:41.998539','5','Enrollment object',2,'No fields changed.',12,1);
INSERT INTO "django_admin_log" VALUES(114,'2017-02-01 10:29:47.532910','13','Score object',1,'',14,1);
INSERT INTO "django_admin_log" VALUES(115,'2017-02-01 10:30:00.403192','14','Score object',1,'',14,1);
INSERT INTO "django_admin_log" VALUES(116,'2017-02-01 10:30:21.030484','15','Score object',1,'',14,1);
INSERT INTO "django_admin_log" VALUES(117,'2017-02-01 10:30:57.437202','16','Score object',1,'',14,1);
INSERT INTO "django_admin_log" VALUES(118,'2017-02-01 10:31:08.118508','17','Score object',1,'',14,1);
INSERT INTO "django_admin_log" VALUES(119,'2017-02-01 10:31:32.298447','18','Score object',1,'',14,1);
INSERT INTO "django_admin_log" VALUES(120,'2017-02-01 10:32:02.370741','19','Score object',1,'',14,1);
INSERT INTO "django_admin_log" VALUES(121,'2017-02-01 10:32:13.304740','20','Score object',1,'',14,1);
INSERT INTO "django_admin_log" VALUES(122,'2017-02-01 10:32:40.449396','21','Score object',1,'',14,1);
INSERT INTO "django_admin_log" VALUES(123,'2017-02-01 10:34:43.094425','4','Student object',2,'No fields changed.',7,1);
INSERT INTO "django_admin_log" VALUES(124,'2017-02-01 10:34:45.279296','10','Enrollment object',2,'No fields changed.',12,1);
INSERT INTO "django_admin_log" VALUES(125,'2017-02-01 10:34:55.768084','22','Score object',1,'',14,1);
INSERT INTO "django_admin_log" VALUES(126,'2017-02-01 10:35:08.862476','4','Student object',2,'No fields changed.',7,1);
INSERT INTO "django_admin_log" VALUES(127,'2017-02-01 10:35:10.336044','10','Enrollment object',2,'No fields changed.',12,1);
INSERT INTO "django_admin_log" VALUES(128,'2017-02-01 10:35:16.565195','23','Score object',1,'',14,1);
INSERT INTO "django_admin_log" VALUES(129,'2017-02-01 10:35:31.221475','24','Score object',1,'',14,1);
INSERT INTO "django_admin_log" VALUES(130,'2017-02-01 10:36:03.013605','13','Enrollment object',2,'No fields changed.',12,1);
INSERT INTO "django_admin_log" VALUES(131,'2017-02-01 10:36:11.501214','25','Score object',1,'',14,1);
INSERT INTO "django_admin_log" VALUES(132,'2017-02-01 10:36:28.462616','26','Score object',1,'',14,1);
INSERT INTO "django_admin_log" VALUES(133,'2017-02-01 10:36:50.711511','13','Enrollment object',2,'No fields changed.',12,1);
INSERT INTO "django_admin_log" VALUES(134,'2017-02-01 10:37:01.980343','27','Score object',1,'',14,1);
INSERT INTO "django_admin_log" VALUES(135,'2017-02-01 10:55:37.983951','3','sermsook',1,'',4,1);
INSERT INTO "django_admin_log" VALUES(136,'2017-02-01 10:59:14.922571','3','sermsook',2,'Changed first_name, last_name, email and user_permissions.',4,1);
INSERT INTO "django_admin_log" VALUES(137,'2017-02-01 11:00:55.995203','2','test',2,'Changed first_name and last_name.',4,1);
INSERT INTO "django_admin_log" VALUES(138,'2017-02-01 11:03:00.893638','1','Student',1,'',3,1);
INSERT INTO "django_admin_log" VALUES(139,'2017-02-01 11:05:40.661611','2','Instructor',1,'',3,1);
INSERT INTO "django_admin_log" VALUES(140,'2017-02-01 14:46:42.342447','2','Course object',2,'No fields changed.',9,1);
INSERT INTO "django_admin_log" VALUES(141,'2017-02-01 14:47:51.845005','2','Course object',2,'No fields changed.',9,1);
INSERT INTO "django_admin_log" VALUES(142,'2017-02-01 14:47:55.390104','2','Section object',2,'No fields changed.',10,1);
INSERT INTO "django_admin_log" VALUES(143,'2017-02-01 14:48:37.907950','4','Assessment object',1,'',13,1);
INSERT INTO "django_admin_log" VALUES(144,'2017-02-01 14:52:09.451093','5','Assessment object',1,'',13,1);
INSERT INTO "django_admin_log" VALUES(145,'2017-02-19 04:27:40.130561','4','Course object',2,'No fields changed.',9,1);
INSERT INTO "django_admin_log" VALUES(146,'2017-02-19 04:28:21.566571','4','Instructor object',2,'Changed instructor_picture.',8,1);
INSERT INTO "django_admin_log" VALUES(147,'2017-02-19 04:28:29.862774','4','Instructor object',2,'No fields changed.',8,1);
INSERT INTO "django_admin_log" VALUES(148,'2017-02-19 04:28:33.173452','4','Section object',1,'',10,1);
CREATE TABLE "django_content_type" ("id" integer NOT NULL PRIMARY KEY AUTOINCREMENT, "app_label" varchar(100) NOT NULL, "model" varchar(100) NOT NULL, UNIQUE ("app_label", "model"));
INSERT INTO "django_content_type" VALUES(1,'admin','logentry');
INSERT INTO "django_content_type" VALUES(2,'auth','permission');
INSERT INTO "django_content_type" VALUES(3,'auth','group');
INSERT INTO "django_content_type" VALUES(4,'auth','user');
INSERT INTO "django_content_type" VALUES(5,'contenttypes','contenttype');
INSERT INTO "django_content_type" VALUES(6,'sessions','session');
INSERT INTO "django_content_type" VALUES(7,'accounts','student');
INSERT INTO "django_content_type" VALUES(8,'accounts','instructor');
INSERT INTO "django_content_type" VALUES(9,'courses','course');
INSERT INTO "django_content_type" VALUES(10,'courses','section');
INSERT INTO "django_content_type" VALUES(11,'courses','gradecriteria');
INSERT INTO "django_content_type" VALUES(12,'courses','enrollment');
INSERT INTO "django_content_type" VALUES(13,'courses','assessment');
INSERT INTO "django_content_type" VALUES(14,'courses','score');
INSERT INTO "django_content_type" VALUES(15,'courses','attendance');
CREATE TABLE "auth_permission" ("id" integer NOT NULL PRIMARY KEY AUTOINCREMENT, "content_type_id" integer NOT NULL REFERENCES "django_content_type" ("id"), "codename" varchar(100) NOT NULL, "name" varchar(255) NOT NULL, UNIQUE ("content_type_id", "codename"));
INSERT INTO "auth_permission" VALUES(1,1,'add_logentry','Can add log entry');
INSERT INTO "auth_permission" VALUES(2,1,'change_logentry','Can change log entry');
INSERT INTO "auth_permission" VALUES(3,1,'delete_logentry','Can delete log entry');
INSERT INTO "auth_permission" VALUES(4,2,'add_permission','Can add permission');
INSERT INTO "auth_permission" VALUES(5,2,'change_permission','Can change permission');
INSERT INTO "auth_permission" VALUES(6,2,'delete_permission','Can delete permission');
INSERT INTO "auth_permission" VALUES(7,3,'add_group','Can add group');
INSERT INTO "auth_permission" VALUES(8,3,'change_group','Can change group');
INSERT INTO "auth_permission" VALUES(9,3,'delete_group','Can delete group');
INSERT INTO "auth_permission" VALUES(10,4,'add_user','Can add user');
INSERT INTO "auth_permission" VALUES(11,4,'change_user','Can change user');
INSERT INTO "auth_permission" VALUES(12,4,'delete_user','Can delete user');
INSERT INTO "auth_permission" VALUES(13,5,'add_contenttype','Can add content type');
INSERT INTO "auth_permission" VALUES(14,5,'change_contenttype','Can change content type');
INSERT INTO "auth_permission" VALUES(15,5,'delete_contenttype','Can delete content type');
INSERT INTO "auth_permission" VALUES(16,6,'add_session','Can add session');
INSERT INTO "auth_permission" VALUES(17,6,'change_session','Can change session');
INSERT INTO "auth_permission" VALUES(18,6,'delete_session','Can delete session');
INSERT INTO "auth_permission" VALUES(19,7,'add_student','Can add student');
INSERT INTO "auth_permission" VALUES(20,7,'change_student','Can change student');
INSERT INTO "auth_permission" VALUES(21,7,'delete_student','Can delete student');
INSERT INTO "auth_permission" VALUES(22,8,'add_instructor','Can add instructor');
INSERT INTO "auth_permission" VALUES(23,8,'change_instructor','Can change instructor');
INSERT INTO "auth_permission" VALUES(24,8,'delete_instructor','Can delete instructor');
INSERT INTO "auth_permission" VALUES(25,9,'add_course','Can add course');
INSERT INTO "auth_permission" VALUES(26,9,'change_course','Can change course');
INSERT INTO "auth_permission" VALUES(27,9,'delete_course','Can delete course');
INSERT INTO "auth_permission" VALUES(28,10,'add_section','Can add section');
INSERT INTO "auth_permission" VALUES(29,10,'change_section','Can change section');
INSERT INTO "auth_permission" VALUES(30,10,'delete_section','Can delete section');
INSERT INTO "auth_permission" VALUES(31,11,'add_gradecriteria','Can add grade criteria');
INSERT INTO "auth_permission" VALUES(32,11,'change_gradecriteria','Can change grade criteria');
INSERT INTO "auth_permission" VALUES(33,11,'delete_gradecriteria','Can delete grade criteria');
INSERT INTO "auth_permission" VALUES(34,12,'add_enrollment','Can add enrollment');
INSERT INTO "auth_permission" VALUES(35,12,'change_enrollment','Can change enrollment');
INSERT INTO "auth_permission" VALUES(36,12,'delete_enrollment','Can delete enrollment');
INSERT INTO "auth_permission" VALUES(37,13,'add_assessment','Can add assessment');
INSERT INTO "auth_permission" VALUES(38,13,'change_assessment','Can change assessment');
INSERT INTO "auth_permission" VALUES(39,13,'delete_assessment','Can delete assessment');
INSERT INTO "auth_permission" VALUES(40,14,'add_score','Can add score');
INSERT INTO "auth_permission" VALUES(41,14,'change_score','Can change score');
INSERT INTO "auth_permission" VALUES(42,14,'delete_score','Can delete score');
INSERT INTO "auth_permission" VALUES(43,15,'add_attendance','Can add attendance');
INSERT INTO "auth_permission" VALUES(44,15,'change_attendance','Can change attendance');
INSERT INTO "auth_permission" VALUES(45,15,'delete_attendance','Can delete attendance');
CREATE TABLE "auth_user" ("id" integer NOT NULL PRIMARY KEY AUTOINCREMENT, "password" varchar(128) NOT NULL, "is_superuser" bool NOT NULL, "username" varchar(30) NOT NULL UNIQUE, "first_name" varchar(30) NOT NULL, "last_name" varchar(30) NOT NULL, "email" varchar(254) NOT NULL, "is_staff" bool NOT NULL, "is_active" bool NOT NULL, "date_joined" datetime NOT NULL, "last_login" datetime NULL);
INSERT INTO "auth_user" VALUES(1,'pbkdf2_sha256$20000$Z8SmwnLcsZaS$MIgqNMY/+sdZ2KVxRAOp7adFGMV+D2rCW6kZc8xPPAU=',1,'littledao','','','sermsook.pulnil@gmail.com',1,1,'2016-11-29 06:01:34.797264','2017-02-17 14:42:24.503779');
INSERT INTO "auth_user" VALUES(2,'pbkdf2_sha256$20000$eIaCPIAQumdi$Y4LyZM7UsabvG52gsbzCJamfficw9TQjpO5ApPIJ/c8=',0,'test','Test','Test','test@test.com',0,1,'2017-01-25 13:29:31','2017-01-26 03:34:31');
INSERT INTO "auth_user" VALUES(3,'pbkdf2_sha256$20000$Jw6Xnv7h9tm8$B9iBeAyRWkSzMfCx1HrhjIovteKo2CLghdw19L9+XW8=',0,'sermsook','Sermsook','Pulnil','dao.duan@hotmail.com',0,1,'2017-02-01 10:55:37',NULL);
INSERT INTO "auth_user" VALUES(4,'pbkdf2_sha256$20000$4gy2x6v1m8NW$lBbJWi1Wn36AXQiitg/MbbFTzsHtjgSior4Z14P32X0=',0,'5610613365','','','5610613365@email.com',0,1,'2017-02-17 14:18:34.950508','2017-02-19 04:06:14.888392');
CREATE TABLE "django_session" ("session_key" varchar(40) NOT NULL PRIMARY KEY, "session_data" text NOT NULL, "expire_date" datetime NOT NULL);
INSERT INTO "django_session" VALUES('ajtzac9sw5a5bwovf3bxkptgrmg1ec2w','NmI3NGE4Y2VkYWYzM2Q1NjZhZDFjYmY3M2FlODFkNjFkMmQ3YjQxNzp7Il9hdXRoX3VzZXJfaWQiOiIxIiwiX2F1dGhfdXNlcl9iYWNrZW5kIjoiZGphbmdvLmNvbnRyaWIuYXV0aC5iYWNrZW5kcy5Nb2RlbEJhY2tlbmQiLCJfYXV0aF91c2VyX2hhc2giOiJkMGRjNzA5NjA1ZGI0ODQ0NDdhNGJkMmZiYjdjYmZkNzc0ZTIxOWU0In0=','2016-12-13 06:01:50.818793');
INSERT INTO "django_session" VALUES('zmmxzmr9ikcmwgwc0p4okbt0qjurqwo7','NmU5NTllMWMyZDNjMGUzOTkzY2U5ZTZhNzcwZDRiMzU3OTNkZDBjMzp7Il9hdXRoX3VzZXJfYmFja2VuZCI6ImRqYW5nby5jb250cmliLmF1dGguYmFja2VuZHMuTW9kZWxCYWNrZW5kIiwiX2F1dGhfdXNlcl9pZCI6IjEiLCJfYXV0aF91c2VyX2hhc2giOiJkMGRjNzA5NjA1ZGI0ODQ0NDdhNGJkMmZiYjdjYmZkNzc0ZTIxOWU0In0=','2017-02-14 12:31:24.954740');
INSERT INTO "django_session" VALUES('2v6r6sq9xgy2e5zvl3fipos93lxly6lj','NTJjM2RlYmVhOWJlY2ZlN2U1MzdjMTU5NTlkM2RiYjgyN2UwYTc5NDp7Il9hdXRoX3VzZXJfaGFzaCI6ImQwZGM3MDk2MDVkYjQ4NDQ0N2E0YmQyZmJiN2NiZmQ3NzRlMjE5ZTQiLCJfYXV0aF91c2VyX2lkIjoiMSIsIl9hdXRoX3VzZXJfYmFja2VuZCI6ImRqYW5nby5jb250cmliLmF1dGguYmFja2VuZHMuTW9kZWxCYWNrZW5kIn0=','2017-03-03 14:42:24.510421');
INSERT INTO "django_session" VALUES('phelvdax6ebnxpv5b5c72rkzp0p4iaqy','MDc2NTM3ZDgwMzVlMmY5MDFmN2I4NDk4OWUzNWM3N2YwODExNDk3NTp7Il9hdXRoX3VzZXJfaWQiOiI0IiwiX2F1dGhfdXNlcl9oYXNoIjoiMWQ2MDkzY2Q1MTI1ZDEzM2FiZGJlNjFkMDE1ZjU5MTVmMWEyZmIyYyIsIl9hdXRoX3VzZXJfYmFja2VuZCI6ImRqYW5nby5jb250cmliLmF1dGguYmFja2VuZHMuTW9kZWxCYWNrZW5kIn0=','2017-03-05 04:06:14.906651');
DELETE FROM sqlite_sequence;
INSERT INTO "sqlite_sequence" VALUES('django_migrations',10);
INSERT INTO "sqlite_sequence" VALUES('django_content_type',15);
INSERT INTO "sqlite_sequence" VALUES('auth_permission',45);
INSERT INTO "sqlite_sequence" VALUES('auth_user',4);
INSERT INTO "sqlite_sequence" VALUES('accounts_instructor',4);
INSERT INTO "sqlite_sequence" VALUES('django_admin_log',148);
INSERT INTO "sqlite_sequence" VALUES('accounts_student',14);
INSERT INTO "sqlite_sequence" VALUES('courses_course',7);
INSERT INTO "sqlite_sequence" VALUES('courses_section',4);
INSERT INTO "sqlite_sequence" VALUES('courses_enrollment',30);
INSERT INTO "sqlite_sequence" VALUES('courses_assessment',5);
INSERT INTO "sqlite_sequence" VALUES('courses_attendance',5);
INSERT INTO "sqlite_sequence" VALUES('courses_gradecriteria',26);
INSERT INTO "sqlite_sequence" VALUES('courses_score',42);
INSERT INTO "sqlite_sequence" VALUES('auth_user_user_permissions',4);
INSERT INTO "sqlite_sequence" VALUES('auth_group',2);
INSERT INTO "sqlite_sequence" VALUES('auth_group_permissions',7);
CREATE INDEX "courses_section_ea134da7" ON "courses_section" ("course_id");
CREATE INDEX "courses_section_06aab9f3" ON "courses_section" ("instructor_id");
CREATE INDEX "courses_gradecriteria_730f6511" ON "courses_gradecriteria" ("section_id");
CREATE INDEX "courses_enrollment_30a811f6" ON "courses_enrollment" ("student_id");
CREATE INDEX "courses_enrollment_730f6511" ON "courses_enrollment" ("section_id");
CREATE INDEX "courses_assessment_730f6511" ON "courses_assessment" ("section_id");
CREATE INDEX "courses_score_537d5933" ON "courses_score" ("enrollment_id");
CREATE INDEX "courses_score_a4079fcf" ON "courses_score" ("assessment_id");
CREATE INDEX "courses_attendance_537d5933" ON "courses_attendance" ("enrollment_id");
CREATE INDEX "auth_group_permissions_0e939a4f" ON "auth_group_permissions" ("group_id");
CREATE INDEX "auth_group_permissions_8373b171" ON "auth_group_permissions" ("permission_id");
CREATE INDEX "auth_user_groups_e8701ad4" ON "auth_user_groups" ("user_id");
CREATE INDEX "auth_user_groups_0e939a4f" ON "auth_user_groups" ("group_id");
CREATE INDEX "auth_user_user_permissions_e8701ad4" ON "auth_user_user_permissions" ("user_id");
CREATE INDEX "auth_user_user_permissions_8373b171" ON "auth_user_user_permissions" ("permission_id");
CREATE INDEX "django_admin_log_417f1b1c" ON "django_admin_log" ("content_type_id");
CREATE INDEX "django_admin_log_e8701ad4" ON "django_admin_log" ("user_id");
CREATE INDEX "auth_permission_417f1b1c" ON "auth_permission" ("content_type_id");
CREATE INDEX "django_session_de54fa62" ON "django_session" ("expire_date");
COMMIT;
